tenhoa,giahoa,mota,thanhphan
Bó hoa tươi - Warm hugs - 15247,300.000 đ,"Bó hoa này là sự pha trộn ngọt ngào giữa vẻ đẹp của hoa hồng shimmer, sự mềm mại của cẩm chướng trắng, và vẻ tinh khiết của hoa baby. Mỗi bông hồng shimmer tỏa sáng như ánh nắng dịu dàng, trong khi cẩm chướng thêm vào chút nét mềm mại và hoa baby nhấn nhá sự tinh tế. Bó hoa được tô điểm bởi ruy băng kem cùng tông và giấy gói trong suốt, tạo nên một món quà lý tưởng để bày tỏ tình cảm một cách chân thành.","['Cẩm chướng đơn trắng : 5', 'Hoa baby : 1', 'Hồng shimmer DL: 7']"
Bó hoa tươi - Giáng trần - 15022,280.000 đ,,"[' Cúc Tana: 2', 'Cát tường trắng: 1', 'Hồng shimmer DL: 6']"
Bó hoa tươi - Cầu hôn - 13251,650.000 đ,,"['Hoa baby : 3', 'Red Elegance : 10']"
Bó hoa tươi - Shyly - 13236,150.000 đ,"Hoa cẩm chướng hồng, với sắc thái tượng trưng cho lòng biết ơn và tình yêu, thường được chọn làm quà tặng trong Ngày của Mẹ để biểu dương tình mẫu tử. Sự ngọt ngào mà màu hồng mang lại cũng làm nó trở thành lựa chọn phổ biến để thể hiện tình yêu và sự quan tâm nhẹ nhàng. Hoa này phù hợp để tặng trong các dịp kỷ niệm, chúc mừng, hoặc cảm ơn, và có thể dành cho mọi người từ người thân trong gia đình đến bạn bè và đồng nghiệp.",['Cẩm chướng chùm hồng nhạt : 12']
Bình hoa tươi - Bình hồng đỏ nhung 30 - 11675,450.000 đ,Hoa hồng Đà Lạt theo mùa.,['Hồng đỏ nhung : 30']
Bó hoa tươi - Everyday i love you - 15190,500.000 đ,"Bó hoa có tên ""Everyday I Love You"" mang thông điệp của tình yêu luôn được vun đắp mỗi ngày và không ngừng nghỉ. Hoa hồng đỏ biểu tượng cho đam mê và tình yêu sâu đậm, trong khi những bông cúc tana nhỏ trắng làm dịu đi sự rực rỡ, mang lại cảm giác của sự thuần khiết và chân thành. Nơ đỏ và giấy gói trắng tôn lên vẻ đẹp và sự tinh tế của bó hoa, làm nổi bật lời hứa về một tình yêu dài lâu và bền vững. Bó hoa này thích hợp để tặng mỗi ngày, như một lời nhắc nhở về tình yêu vững chắc và không thay đổi.","[' Cúc Tana: 2', 'Hồng đỏ Ecuador DL: 10', 'Lá bạc : 2']"
Giỏ hoa tươi - Gửi ngàn lời yêu - 13116,550.000 đ,"Giỏ hoa được thiết kế từ hồng đỏ , cẩm chường đỏ...chứa đựng những thông điệp yêu thương mà người gửi dành cho người nhận.","['Cẩm chướng đơn đỏ : 10', 'Cát tường trắng: 3', 'Hoa Sao tím: 1', 'Hồng đỏ Ecuador DL: 8']"
Bó hoa tươi - Rạng ngời 2 - 13083,450.000 đ,,"['Cẩm chướng đơn vàng : 5', 'Cẩm chướng đơn đỏ : 5', 'Hồng vàng chùa : 10']"
Bó hoa tươi - Tana Baby - 11868,550.000 đ,,"[' Cúc Tana: 10', 'Hoa baby : 2']"
Hộp hoa tươi - Hy Vọng - 5129,650.000 đ,Khi ta gặp khó khăn chúng ta luôn cố gắng để vượt qua chỉ với hy vọng tương lai sẽ tươi sáng hơn. Hộp hoa hy vọng này sẽ giúp bạn gửi những hy vọng gửi gắm của bạn đến người bạn yêu mến với ước mong sẽ tiếp thêm sức cho họ vượt qua những khó khăn trong cuộc sống,"['Cát tường trắng: 2', 'Hoa baby : 1', 'Hoa Sao tím: 1', 'Hồng da: 10', 'Hồng trứng gà : 3', 'Hướng dương : 3', 'Lá phụ khác: 5', 'Mõm sói vàng: 10']"
Bó hoa tươi - Pink baby - 10693,1.200.000 đ,"Tháng 12 đã đến, một đoá hoa baby khổng lồ chất chứa ngập tràn thương yêu, không cần phải nói thành lời cũng đủ để người ấy cảm thấy. Bó hoa được tạo bởi những bông hoa nhỏ nhắn xinh xắn mang một sức hút hấp dẫn ngay từ lần nhìn đầu tiên. Đây chắc chắn là sự lựa chọn đáng yêu vô cùng lãng mạn cho những cặp đôi phải không nào.","['Hoa baby : 8', 'Đinh lăng : 15']"
Bình hoa tươi - Hồng song hỷ cồ (30 bông) - 11603,,*Hồng Đà Lạt theo mùa,['Hồng song hỷ cồ : 30']
Bó hoa tươi - Only rose premium 3 - 13277,600.000 đ,,['Hồng tím cà: 30']
Bó hoa tươi - Mong chờ - 9445,300.000 đ,"Bó hoa được thiết kế dạng tròn và là sự kết hợp tinh tế của hồng lạc thần, cúc rossi cùng các hoa lá phụ khác thể hiện sự mong chờ da diết đối với người đặc biệt trong lòng bạn. Bó hoa phù hợp tặng cho các dịp sinh nhật, ngày kỉ niệm tình yêu...","['Cúc rossi hồng: 3', 'Hoa thạch thảo tím: 2', 'Hồng Lạc Thần: 3']"
Bó hoa tươi - Thời khắc rực rỡ - 14646,550.000 đ,,"['Cẩm chướng chùm vàng : 5', 'Cúc calimero vàng nhụy nâu : 5', 'Hoa sao vàng: 1', 'Hồng vàng ánh trăng : 8', 'Hướng dương : 3']"
Bình hoa tươi - Bình hồng vàng AT 30 - 11673,450.000 đ,,['Hồng vàng ánh trăng : 30']
Bình hoa tươi - Bình hồng Samilia 30 - 11677,450.000 đ,,['Hồng salimia : 30']
Bình hoa tươi - Bình xanh tươi 1 - 14662,700.000 đ,,"['Baby nhuộm xanh ngọc NK: 10', 'Cẩm tú cầu xanh : 5', 'Hồng chùm trắng star (10 cành): 10']"
Bình hoa tươi - Bình hồng candy 30 - 11669,450.000 đ,Hoa hồng Đà Lạt theo mùa.,['Hồng candy: 30']
Bình hoa tươi - Bình Hồng Jumilia 30 - 11668,450.000 đ,Hoa hồng Đà Lạt theo mùa,"['Bình thủy tinh loe 30x15: 1', 'Hồng jumilia: 30']"
Bình hoa tươi - Bình hồng da 30 - 11672,450.000 đ,,"['Bình thủy tinh loe 30x15: 1', 'Hồng da: 30']"
Bình hoa tươi - Bình hồng đỏ ớt 30 - 11671,450.000 đ,,"['Bình thủy tinh loe 30x15: 1', 'Hồng đỏ ớt : 30']"
Bó hoa tươi - Ánh Dương - 2065,150.000 đ,"Ánh Dương được thiết kế từ 1 hoa hướng dương cùng giấy gói cao cấp. Với cách bó dài, và tông màu vàng tươi sáng, bó hoa sẽ mang đến người nhận thật nhiều niềm vui, may mắn và sức khỏe để tận hưởng cuộc sống tươi đẹp muôn màu muôn vẻ xung quanh mình. Thích hợp để tặng chúc mừng, chúc sức khỏe, kỉ niệm,...","['Hướng dương (cành): 1', 'Lá huyết dụ : 3']"
Hoa chia buồn - Giã Biệt 1 - 3013,650.000 đ,"Bạn bè, người thân ra đi luôn để lại nỗi buồn và nhung nhớ khôn nguôi trong tâm trí mỗi người. Trong giây phút chia cách đau thương, từng kỷ niệm được hồi tưởng như một cuốn phim chiếu chậm, tràn ngập những niềm vui, nỗi buồn cũng như tiếc nuối. Kệ hoa “Giã biệt 1” chất chứa nỗi niềm riêng của người ở lại dành cho người đã khuất, những nỗi niềm giờ đây đã không biết tỏ cùng ai.","['Cúc trắng : 15', 'Lan trắng vườn : 6', 'Lan vườn tím: 10', 'Lily trắng: 1']"
Bó hoa tươi - My Tana - 13291,600.000 đ,,[' Cúc Tana: 15']
Bó hoa tươi - Simple - 11443,,"Bó hoa ""Simple"" cực kì đơn giản từ màu hoa đến cách bó, thích hợp dành tặng những người yêu thích sự mộc mạc, giản dị.","['Hoa baby : 1', 'Hồng trứng gà : 10', 'Đinh lăng : 15']"
Bó hoa tươi - Ấm áp - 9443,250.000 đ,"Hướng Dương tượng trưng cho sắc đẹp, và cho sức khỏe. Gửi tặng bó hoa này sẽ mang đến cho người nhận thật nhiều niềm vui, sự hân hoan và những lời chúc tốt đẹp nhất. Thích hợp để tặng tốt nghiệp, sinh nhật, chúc mừng, chúc sức khỏe, kỉ niệm,...","['Hoa Sao tím: 2', 'Hồng vàng ánh trăng : 3', 'Hướng dương : 1', 'Mõm sói vàng: 4']"
Bình hoa tươi - Hồng sen (30 bông) - 11529,,*Hồng Đà Lạt theo mùa,['Hồng sen mới: 30']
Bình hoa tươi - Hồng mix (30 bông) - 11530,450.000 đ,*Hồng Đà Lạt theo mùa,[]
Bó hoa tươi - Có em - 13084,300.000 đ,,"['Hoa baby : 1', 'Hồng da: 7']"
Bó hoa tươi - Rạng ngời - 12584,350.000 đ,,"['Hoa thạch thảo trắng: 3', 'Hồng vàng ánh trăng : 15', 'Lá phụ khác: 6']"
Bó hoa tươi - Thạch thảo - 3573,,"""Em vẫn thế vẫn là hoa thạch thảo / Dẫu cuộc đời gian khó vẫn vươn lên / Chẳng chùn chân chẳng bỏ cuộc ươn hèn / Hoa tươi nở tràn lan đầy sức sống"". Bó hoa giản đơn như chính tên gọi của nó vậy ""Thạch thảo"" : nhỏ nhắn, xinh xắn nhưng tràn đầy sức sống. Đây sẽ là món quà dễ thương cho mẹ, cho chị em gái, cho cô bạn thân và cho nửa kia của bạn.","['Hoa thạch thảo tím: 12', 'Đinh lăng : 10']"
Bó hoa tươi - Only You - 4840,250.000 đ,"Một bó hoa đơn giản phù hợp tặng sinh nhật đồng nghiệp, bạn bè trong lớp và người yêu. Bó hoa được thiết kế nhẹ nhàng, kết hợp giữa màu tím của Calimero và hồng dâu đem lại cảm giác chân thành và quý trọng.","['Cúc calimero tím: 7', 'Hoa mimi: 10', 'Hồng da: 1']"
Bó hoa tươi - Sweetie - 11444,,"Bó hoa ""Simple"" cực kì đơn giản từ màu hoa đến cách bó, thích hợp dành tặng những người yêu thích sự mộc mạc, giản dị.","['Hoa baby : 1', 'Hồng candy: 10']"
Hoa chia buồn - Condolence 2 - 13322,1.500.000 đ,,"['Cúc trắng : 15', 'Lan Moka tím: 15', 'Lan thái trắng: 7', 'Lan vườn tím: 15']"
Bình hoa tươi - Hồng sen (30 bông) - 11532,450.000 đ,*Hồng Đà Lạt theo mùa,['Hồng sen mới: 30']
Hoa chúc mừng - Good Luck 3 - 4047,700.000 đ,"Kệ hoa chúc mừng được thiết kế từ những đóa hoa đồng tiền màu đỏ rực rỡ, mang ý nghĩa hân hoan vui mừng và những lời chúc tốt đẹp nhất về sự thành công, như ý cho người nhận.","['Lan thái trắng: 5', 'Đồng tiền đỏ : 45']"
Bình hoa tươi - Ngày cuối tuần 2 - 13365,700.000 đ,,"['Cúc calimero trắng : 5', 'Hồng đỏ ớt : 10', 'Lan Moka vàng nến: 5', 'Lys trắng đơn: 5', 'Đồng tiền trắng : 5']"
Bó hoa tươi - Người thương - 13372,350.000 đ,,"['Hoa thạch thảo trắng: 2', 'Hồng da: 10']"
Hoa chúc mừng - Hưng Thịnh 4 - 3967,1.000.000 đ,"Kệ hoa Hưng Thinh IV được thiết kế với tông màu vàng chủ đạo, mang ý nghĩa về một lời chúc tấn tài tấn lộc, gặp nhiều may mắn và thành công. Kệ hoa thích hợp để dành tặng cho đối tác, bạn bè trong những dịp khai trương, kỉ niệm...","['Hồng đỏ sa : 20', 'Lan Moka vàng nến: 15', 'Đồng tiền vàng : 16', 'Đồng tiền đỏ : 10']"
Hoa chia buồn - Hạ trắng - 4507,1.000.000 đ,"Trong cuộc sống chúng ta mất bất cứ thứ gì chúng ta cũng có thể có lại được , nhưng khi chúng ta mất vĩnh viễn một người thân hay một người bạn chúng ta không bao giờ tìm lại được. Với vòng hoa chia buồn ""Hạ trắng"" chúng tôi sẽ thay mặt bạn đưa tiễn họ và chia sẻ cùng gia đình họ.","['Lan thái trắng: 40', 'Đinh lăng : 10']"
Bó hoa tươi - Mây hồng - 9390,325.000 đ,"Mây Hồng gồm có loài hồng da ngọt ngào tựa những áng mây lung linh. Gửi tặng em người con gái dịu hiền và lời nhắn ""...hãy mãi lưu giữ nét ngây thơ, trong sáng và trẻ trung của tuổi thanh xuân em nhé..."" Thích hợp để tặng sinh nhật, kỉ niệm,...","['Hoa sao vàng: 5', 'Hồng da: 17', 'Lá trúc nâu: 8']"
Hoa chúc mừng - Thắng lợi - 4049,750.000 đ,"Vẫn mang tông màu chủ đạo của những kệ hoa chúc mừng truyền thống, ""Thắng lợi"" mang đến những lời cầu chúc về sự thành công và niềm hoan hỉ trong ngày khai trương, hay ngày kỉ niệm thành lập doanh nghiệp. Với thiết kế đơn giản nhưng vẫn không kém phần sang trọng và ý nghĩa, ""Thắng lợi"" chắc chắn là sự lựa chọn khiến bạn hài lòng trong dòng hoa giá rẻ của chúng tôi.","['Hồng đỏ sa : 20', 'Lan Moka vàng nến: 15', 'Môn đỏ: 7']"
Hoa chia buồn - Tiếc thương 2 - 8399,750.000 đ,"Trong cuộc sống chúng ta mất bất cứ thứ gì chúng ta cũng có thể có lại được , nhưng khi chúng ta mất vĩnh viễn một người thân hay một người bạn chúng ta không bao giờ tìm lại được. Với vòng hoa chia buồn ""Tiếc thương 2"" chúng tôi sẽ thay mặt bạn đưa tiễn họ và chia sẻ cùng gia đình họ.","['Cẩm chướng đơn tím : 30', 'Cẩm chướng đơn trắng : 50', 'Lá lan: 60', 'Lan vườn tím: 10']"
Hoa chia buồn - Dòng kí ức - 11852,800.000 đ,"Chuyện nhân gian vui buồn đều có. Kiếp nhân sinh như gió thoáng qua. Sinh ra trong một kiếp con người. Sớm ở tối về là lẽ thường thôi…Tuy người đã xa, nhưng dòng kí ức vẫn còn đó và sẽ không bao giờ phai đi trong tâm trí của người ở lại. Với vòng hoa chia buồn này chúng tôi sẽ thay mặt bạn đưa tiễn họ và chia sẻ sự mất mát cùng gia đình họ.",[]
Hoa chia buồn - Thành Kính Phân Ưu 1 - 2123,750.000 đ,"Thành Kính Phân Ưu 1 gồm có hoa Cúc Trắng,, môn xanh.","['Cúc trắng : 25', 'Hoa mimi: 10', 'Môn xanh: 4']"
Bó hoa tươi - Chỉ mình em - 12585,300.000 đ,,"['Cẩm chướng chùm hồng nhạt : 5', 'Hoa baby : 1', 'Lá phụ khác: 5', 'Pink OHara: 1']"
Hộp hoa tươi - Ao ước - 11614,400.000 đ,"Sư kết hợp rực rỡ đầy sắc màu của những đóa hoa hướng dương và hồng vàng sẽ mang đến cho bạn một không gian mùa hè thật tràn đầy sức sống. Thích hợp tặng bạn bè, đồng nghiệp hoặc tại các sự kiện khai trương có không gian nhỏ.","['Cúc calimero trắng : 3', 'Hồng vàng ánh trăng : 7', 'Hướng dương : 3']"
Bó hoa tươi - All of love - 8524,500.000 đ,Mẫu hoa hồng đỏ này tượng trưng cho tình yêu và sự kính trọng to lớn của con dành cho Mẹ. Mẹ luôn là người tuyệt vời và cao cả nhất trong cuộc đời của con.,"['Hoa Sao tím: 3', 'Hồng đỏ Pháp: 25']"
Bó hoa tươi - My Girl - 12666,,,"['Hoa baby : 3', 'Hồng da: 15']"
Bó hoa tươi - Ngày bên em - 12598,1.000.000 đ,,"['Cát tường hồng viền: 5', 'Hoa Sao tím: 1', 'Mõm sói song hỷ : 10', 'Purple Ohara : 15']"
Bó hoa tươi - Dear My Love - 12665,,,"['Hoa baby : 2', 'Hồng da: 15']"
Hoa chúc mừng - Good Luck 1 - 3965,800.000 đ,"Kệ hoa Good luck 1 được thiết kế với tông màu nổi bật, ấm áp. Thể hiện lời chúc thành công và may mắn của bạn gửi đến người nhận trong ngày khai trương, kỉ niệm.","['Lan Moka vàng nến: 10', 'Đồng tiền hồng nhí : 15', 'Đồng tiền vàng : 20']"
Bó hoa tươi - Only rose 6 - 8387,500.000 đ,"Bó hoa được thiết kể đơn giản từ 30 cành hồng da cùng giấy gói nền trơn màu sắc nhẹ nhàng chắc chắn sẽ là món quà tuyệt vời dành cho các dịp từ chúc mừng sinh nhật, tốt nghiệp, kỉ niệm...",['Hồng da: 30']
Bó hoa tươi - Giản dị - 9444,300.000 đ,Bó hoa tuy không cầu kì về kiểu dáng nhưng lại khiến người ngắm nhìn khó quên bởi sự nhẹ nhàng từ màu sắc đến sự đơn giản nhưng lại tinh tế mà bó hoa mang lại. Hi vọng đây là sẽ món quà đầy bất ngờ mà bạn muốn dành cho ai đó vào mỗi sớm mai.,"['Cẩm chướng đơn hồng: 3', 'Cúc calimero trắng: 3', 'Hoa Sao tím: 2', 'Hồng da: 3']"
Bó hoa tươi - Vui cười - 13443,200.000 đ,,"['Cúc rossi vàng sunny : 3', 'Hoa sao vàng: 2', 'Hướng dương : 1']"
Hộp hoa tươi - Only rose 2 - 12958,650.000 đ,,['Hồng da: 40']
Hoa chia buồn - Deep condolences - 8396,850.000 đ,Chuyện nhân gian vui buồn đều có. Kiếp nhân sinh như gió thoáng qua. Sinh ra trong một kiếp con người. Sớm ở tối về là lẽ thường thôi…Với vòng hoa chia buồn này chúng tôi sẽ thay mặt bạn đưa tiễn họ và chia sẻ sự mất mát cùng gia đình họ.,"['Cúc mai hồng: 15', 'Cúc trắng : 15']"
Hoa chia buồn - Kệ Chia Buồn 04 - 13146,850.000 đ,,"['Cúc calimero trắng: 15', 'Hoa Cúc Lưới Vàng : 23', 'Lan thái trắng: 12']"
Bó hoa tươi - My chance - 13381,350.000 đ,,"['Hoa thạch thảo trắng: 2', 'Hồng da: 10']"
Bình hoa tươi - Bình hồng mix 30 - 11676,450.000 đ,"Bình hồng đà lạt mix màu, gồm 30 cành hồng mix các màu ngẫu nhiên. Bình thủy tinh trứng: 25 x 12",[]
Bó hoa tươi - Only rose 8 - 8383,850.000 đ,,['Hồng candy: 50']
Hoa chia buồn - Heaven 02 - 13200,1.000.000 đ,,"['Cúc calimero trắng: 10', 'Hồng trắng cồ: 12', 'Lily vàng thơm : 2', 'Môn xanh: 5', 'Đồng tiền trắng : 20']"
Bình hoa tươi - Niềm hạnh phúc - 13366,600.000 đ,,"['Cát tường tím viền : 2', 'Cúc lưới tím : 4', 'Hoa thạch thảo trắng: 2', 'Hồng da: 8', 'Hồng sen mới: 2', 'Lan Moka tím: 5']"
Hộp hoa tươi - Mama Love - 4920,850.000 đ,"Mother's Day đây là dịp để con cái tỏ lòng biết ơn công sinh thành, nuôi dưỡng của mẹ. Sản phẩm giỏ hoa này được thiết kế cho dịp đặc biệt này dùng để dành tặng cho những người mẹ đáng kính của bạn. Hãy bày tỏ lòng yêu thương và kính yêu đến người mẹ của mình bằng giỏ hoa này bạn nhé.","['Cẩm chướng đơn hồng: 6', 'Cúc calimero trắng: 10', 'Hoa baby : 1', 'Hồng da: 15', 'Đồng tiền hồng nhí : 5']"
Bó hoa tươi - Thuần khiết - 14689,550.000 đ,,"['Cẩm chướng đơn xanh bơ : 10', 'Cát tường trắng: 1', 'Cúc calimero trắng : 3', 'White Ohara: 10']"
Bình hoa tươi - Bình hồng đỏ sa 30 - 11674,450.000 đ,,[]
Giỏ hoa tươi - Good luck 4 - 13300,450.000 đ,,"['Cẩm chướng chùm đỏ : 10', 'Cúc rossi trắng: 5', 'Đồng tiền đỏ : 10']"
Giỏ hoa tươi - Tuổi hồng - 13301,450.000 đ,,"['Cẩm chướng chùm hồng nhạt : 10', 'Cúc rossi hồng: 6', 'Đồng tiền hồng nhí : 10']"
Hộp hoa tươi - Red box - 8289,1.600.000 đ,,"['Chuỗi ngọc đỏ : 20', 'Hồng đỏ sa : 45', 'Lá bạc : 5']"
Hộp hoa tươi - Only rose 1 - 12888,570.000 đ,,['Hồng đỏ sa : 35']
Giỏ hoa tươi - Lucky - 13299,450.000 đ,,"['Cẩm chướng chùm vàng : 8', 'Cúc calimero vàng nhụy nâu : 8', 'Đồng tiền vàng : 10']"
Lan hồ điệp - Chậu lan trắng 1 cành 01 - 11124,350.000 đ,"Được thiết kế với 1 cành lan hồ điệp trắng, trang trí đơn giản nhưng vẫn vô cùng tinh tế, sang trọng. Mẫu hoa là lời chúc tốt đẹp cho bạn bè, mang đến tài lộc, thịnh vượng và phong thủy cho gia chủ và rất thích hợp cho các phòng khách có không gian nhỏ.","['Chậu sứ tròn trơn: 1', 'Hồ điệp trắng: 1']"
Hoa chúc mừng - Perfection 01 - 13165,1.700.000 đ,"Kệ hoa với tone màu hồng nhẹ nhàng, kiểu dáng hiện đại, trẻ trung thật sự nổi bật hơn so với các kệ hoa truyền thống. Kệ hoa mang ý nghĩa về một lời chúc vạn sự may mắn, cát tường. Thích hợp tặng trong dịp chúc mừng, khai trương, kỉ niệm.","['Cát tường hồng viền: 10', 'Cúc mai hồng: 10', 'Hồng sen mới: 45', 'Đồng tiền hồng nhí : 20']"
Hoa chia buồn - Kệ Chia Buồn 01 - 13143,750.000 đ,,"['Lan thái trắng: 24', 'Lily trắng: 3']"
Bình hoa tươi - Forever Young - 10268,550.000 đ,"""Ai cũng có tuổi trẻ và những câu chuyện về tuối trẻ của riêng mình. Trong mỗi câu chuyện ấy đều có những hồi ức đẹp kèm theo cả sự nuối tiếc mãi in dấu nơi đáy tim"". Lấy cảm hứng từ câu nói trên, các florist đã tạo nên sản phẩm ""Forever young"" để giúp bạn lưu lại những khoảnh khắc tuổi trẻ đầy tươi đẹp đối với người bạn yêu thương.","['Cẩm chướng đơn hồng: 6', 'Cúc calimero hồng : 5', 'Hoa Sao tím: 2', 'Hồng da: 10', 'Hồng tím cà: 6']"
Bó hoa tươi - The greatest thing - 13293,450.000 đ,,['Hoa baby : 4']
Giỏ hoa tươi - Ngàn ánh dương - 11607,500.000 đ,"Giỏ hoa vàng rực rỡ từ sự kết hợp của hoa hướng dương, cúc calimero, hoa sao vàng...đem đến cho người nhận một cảm giác tràn đầy năng lượng cho một ngày mới. Hãy tạo một bất ngờ nho nhỏ dành tặng cho người thân yêu của bạn nhé.","['Cẩm chướng đơn vàng : 10', 'Cúc calimero vàng: 5', 'Hoa sao vàng: 3', 'Hướng dương : 5', 'Lá trúc nâu: 3']"
Hộp hoa tươi - Sắc Hồng Xinh - 5424,950.000 đ,Hộp hoa với tone màu hồng pastel chủ đạo đã làm say đắm bao cô nàng đáng yêu. Hộp hoa này chắc chắn sẽ là món quà tuyệt vời dành tặng cho các fangirl có sự yêu thích đặc biệt dành cho màu hồng.,"['Cẩm chướng chùm hồng nhạt : 15', 'Cẩm chướng đơn hồng: 15', 'Hồng sen mới: 25']"
Bó hoa tươi - Encounter - 13374,300.000 đ,,"['Hoa Sao tím: 1', 'Hồng đỏ sa : 10']"
Bó hoa tươi - Mùa hồng - 6830,1.000.000 đ,"Bó hoa hồng sen điểm baby trắng tuy đơn giản nhưng cũng thật sang trọng và cuốn hút. Lớp giấy gói viền đen càng làm tôn thêm vẻ đẹp của bó hoa. Đây chắc chắn là món quà tuyệt vời dành tặng cho người yêu, bạn bè, đồng nghiệp vào những dịp quan trọng để lưu lại khoảnh khắcn đáng nhớ","['Hoa baby : 2', 'Hồng sen mới: 30']"
Hoa chúc mừng - Kệ Chúc Mừng 06 - 13154,1.200.000 đ,"Đỏ là màu cơ bản rất được ưa dùng khi bài trí theo phong thủy. Được xem là màu may mắn nhất, màu đỏ rất thích hợp cho hỷ sự, lễ hội. Nó còn tượng trưng cho năng lượng Hỏa và sức mạnh... Kệ hoa chúc mừng được các florist đầu tư một cách nghiêm túc vì chúng tôi luôn hiểu rằng đó là uy tín của khách hàng, của cả một doanh nghiệp. Chúng tôi luôn nhận được sự yêu quý từ khách hàng, đặc biệt là các doanh nghiệp tin yêu và đặt thiết kế hoa chúc mừng phục vụ các dịp khai trương, khánh thành, tổ chức sự kiện và trong các dịp lễ quan trọng khác.","['Lan Moka đỏ: 20', 'Môn đỏ: 15', 'Đồng tiền đỏ : 30']"
Bó hoa tươi - Yêu thương đong đầy - 13260,300.000 đ,,"[' Cúc Tana: 2', 'Cẩm chướng chùm vàng : 3', 'Hồng trứng gà : 3', 'Hướng dương : 1']"
Bó hoa tươi - Red elegance - 13898,850.000 đ,,['Red Elegance : 20']
Hoa chúc mừng - Kệ Chúc Mừng 07 - 13155,1.000.000 đ,"Kệ Chúc Mừng 02 được thiết kế từ hoa đồng tiền cam và cúc lưới xanh kết hợp với tông màu đỏ truyền thống của hoa hồng môn. Thiết kế vươn cao, màu sắc rực rỡ chính là điểm nổi bật của mẫu hoa này. Đây sẽ là món quà thích hợp dành tặng cho bạn bè hay đối tác của bạn.","['Hoa Cúc Lưới Xanh: 20', 'Môn đỏ: 10', 'Đồng tiền cam (20): 30']"
Hộp hoa tươi - Celebrate - 8444,750.000 đ,"Không cần quá kiểu cách, hộp hoa được thiết kế theo tông đỏ nổi bật gồm có hoa hồng đỏ sa, cẩm chướng chùm đỏ, điểm xuyết thêm màu hồng nhạt từ cúc ping pong hồng càng làm cho hộp hoa thêm phần nổi bật. Hộp hoa phù hợp tặng cho khách hàng, đối tác nhân các dịp chúc mừng.","['Cẩm chướng chùm hồng viền: 15', 'Hoa baby : 1', 'Hồng da: 10', 'Hồng đỏ sa : 15']"
Bó hoa tươi - Chân trời mới - 13261,200.000 đ,,"['Hoa thạch thảo trắng: 1', 'Hướng dương : 3']"
Hộp hoa tươi - Pink Box - 8290,715.000 đ,"Hộp hoa hồng với sắc hồng tươi tắn, ngọt ngào kết hợp cùng với lá bạc xanh, tạo nên một tổng thể vô cùng hài hoà mà không kém phần sang trọng. Hộp hoa phù hợp tặng cho người yêu, bạn bè, đối tác, khách hàng là nữ. Chắc chắn đây sẽ là món quà vô cùng bất ngờ dành cho người bạn đang quan tâm đấy.","['Hồng sen mới: 40', 'Lá bạc : 4']"
Bó hoa tươi - New energy - 12583,300.000 đ,,"['Cẩm chướng chùm vàng : 5', 'Hoa thạch thảo trắng: 2', 'Hướng dương : 3', 'Lá bạc : 1', 'Lá trúc nâu: 2']"
Bó hoa tươi - Tỏa Nắng - 2507,300.000 đ,"""Tỏa nắng"" được thiết kế từ hoa hướng dương với ý nghĩa mang đến cho người nhận sức mạnh, may mắn và niềm tin.","['Hoa sao vàng: 5', 'Hướng dương : 6']"
Bó hoa tươi - Only rose premium 5 - 13280,600.000 đ,,['Hồng trứng gà : 30']
Hộp hoa tươi - Love story - 11692,600.000 đ,"Sự hài hòa màu sắc chính là điểm cộng lớn nhất trong mẫu thiết kế này. Sắc hồng pastel chủ đạo được kết hợp với sắc cam dịu nhẹ và được điểm xuyết một vài sắc xanh tạo nên một tổng thể vô cùng dịu mắt. Hộp hoa thích hợp tặng những bạn có tính cách nhẹ nhàng, yêu thích sự bay bổng và lãng mạn.","['Hoa baby : 1', 'Hồng da: 6', 'Hồng trắng cồ: 4', 'Hồng trứng gà : 6', 'Đồng tiền hồng nhí : 6']"
Bó hoa tươi - Tango - 13245,600.000 đ,,"['Cẩm chướng chùm đỏ viền : 5', 'Hoa Sao tím: 1', 'Hồng đỏ Pháp: 10', 'Hướng dương : 3', 'Lan Moka vàng nến: 5']"
Bó hoa tươi - Sasa roses - 8284,900.000 đ,"Với sắc đỏ chủ đạo là hồng đỏ Pháp, cẩm chướng đỏ, lan phượng vĩ, hoà quyện cùng tone xanh mát của lá bạc đã tạo nên một sản phẩm vô cùng bắt mắt. Bó hoa phù hợp tặng cho những cô nàng cá tính, hoặc những ai là tín đồ lâu năm của hồng đỏ- một màu sắc luôn mang đến sự mãnh liệt.","['Cẩm chướng đơn đỏ : 10', 'Hồng đỏ Pháp: 20', 'Lan bò cạp : 10']"
Hoa chúc mừng - Hưng Phát - 12990,2.500.000 đ,"Đỏ là màu cơ bản rất được ưa dùng khi bài trí theo phong thủy. Được xem là màu may mắn nhất, màu đỏ rất thích hợp cho hỷ sự, lễ hội. Nó còn tượng trưng cho năng lượng Hỏa và sức mạnh... Kệ hoa chúc mừng được các florist đầu tư một cách nghiêm túc vì chúng tôi luôn hiểu rằng đó là uy tín của khách hàng, của cả một doanh nghiệp. Chúng tôi luôn nhận được sự yêu quý từ khách hàng, đặc biệt là các doanh nghiệp tin yêu và đặt thiết kế hoa chúc mừng phục vụ các dịp khai trương, khánh thành, tổ chức sự kiện và trong các dịp lễ quan trọng khác.","['Cẩm chướng đơn Choco : 15', 'Hồng đỏ ớt : 30', 'Hồng đỏ sa : 30', 'Lan bò cạp : 20', 'Môn đỏ: 12']"
Hộp hoa tươi - Light in the morning - 13212,800.000 đ,,"['Cúc mai xanh : 5', 'Hồng da: 10', 'Hướng dương : 3', 'Lys trắng đơn: 4', 'Mõm sói vàng: 10']"
Bình hoa tươi - Hồng trứng gà (30 bông) - 11531,600.000 đ,*Hồng Đà Lạt theo mùa,['Hồng trứng gà : 30']
Hộp hoa tươi - Bùng cháy 4 - 13211,1.100.000 đ,,"['Hoa hạnh phúc : 7', 'Hồng cam party: 10', 'Hướng dương : 3', 'Lan Moka đỏ: 15']"
Bó hoa tươi - Yêu xa - 3199,200.000 đ,"""My love for you remains unchanged despite the distance between us"" is the message of the this cute bouquet.","['Hoa baby : 1', 'Hoa Sao tím: 1', 'Hoa sao vàng: 1', 'Hồng da: 3']"
Hoa chia buồn - Hư không - 4371,650.000 đ,"Trong cuộc sống chúng ta mất bất cứ thứ gì chúng ta cũng có thể có lại được, nhưng khi chúng ta mất vĩnh viễn một người thân hay một người bạn chúng ta không bao giờ tìm lại được. Với vòng hoa chia buồn Hư không được kết từ hoa cúc, hoa mõm sói, chúng tôi sẽ thay mặt bạn đưa tiễn họ và chia sẽ cùng gia đình họ.","['Cúc trắng : 10', 'Hồng trắng nhí: 15', 'Mõm sói trắng : 12', 'Môn trắng: 5']"
Bó hoa tươi - Tana mộc mạc - 8425,550.000 đ,"Bó ""Tana mộc mạc"" gồm 100% cúc tana được trồng tại xứ sở hoa Đà lạt. Đây chắc chắn sẽ là món quà cực kì dễ thương cho những ai yêu thích loài hoa ""cúc dại"" mộc mạc này.","[' Cúc Tana: 15', 'Đinh lăng : 5']"
Bó hoa tươi - Điều bất ngờ - 11740,300.000 đ,"Với hương thơm nhẹ nhàng cũng màu sắc nổi bật, những đóa hồng đỏ ớt đã dễ dàng chiếm được tình cảm của những người yêu hoa. Một bó hoa kiểu dáng đơn giản và được gửi tặng đến người nhận không cần nhân một dịp gì thì chắc chắn sẽ là một món quà tinh thần đầy ý nghĩa giúp họ có một ngày tuyệt vời hơn đấy nhé.","['Hoa thạch thảo trắng: 1', 'Hồng đỏ ớt : 12', 'Lá phụ khác: 1']"
Hoa chúc mừng - Sự nghiệp bền vững - 14947,2.000.000 đ,,"['Cúc calimero đỏ: 10', 'Hồng đỏ sa : 15', 'Lan Moka đỏ: 30', 'Môn đỏ: 10', 'Red Elegance : 10', 'Đồng tiền đỏ : 10']"
Hộp hoa tươi - Tím yêu thương - 3772,500.000 đ,"Hộp hoa ""Tím yêu thương"" là sự kết hợp ngọt ngào của hoa hồng tím và hoa hồng da, cẩm chướng. Thích hợp để gửi tặng đến những người mà bạn yêu thương nhất.","['Cẩm chướng đơn tím : 5', 'Cúc calimero tím: 2', 'Hoa Sao tím: 3', 'Hồng da: 7', 'Hồng tím cà: 6']"
Hộp hoa tươi - Love rosie - 11695,1.800.000 đ,"Cùng với tinh thần lạc quan yêu đời và căng tràn sức sống, sự đan xen của những bông hồng đầy màu sắc trong ""love rossie"" đem đến cho người nhìn cảm giác vui tươi, hân hoan. ""Love rossie"" cũng là thông điệp đơn giản có thể thay bạn gửi đến cho người nhận rằng ""Bạn trẻ trung, năng động và hãy như những đóa hoa này, lạc quan, yêu đời và luôn tràn đầy năng lượng nhé!""",[]
Hộp hoa tươi - Scarlet - 8141,1.650.000 đ,"Được thiết kế với thành phần chính là hồng đỏ, mẫu hoa ""Scarlet"" sẽ mang đến cho người nhận lời chúc an lành, hạnh phúc và nhiều may mắn. Nếu bạn đang băn khoăn lựa chọn món quà nhân dịp sinh nhật hay chúc mừng một sự kiện nào đó dành tặng cho bạn bè, người thân, thì chắc chắn đây sẽ là món quà tinh thần tuyệt vời.","['Cúc calimero trắng: 6', 'Hồ điệp trắng: 6', 'Hồng đỏ sa : 50', 'Lá bạc : 3']"
Giỏ hoa tươi - Nữ hoàng - 13075,600.000 đ,,"['Cúc rossi hồng: 5', 'Green wicky : 3', 'Hoa baby : 1', 'Hồng Lạc Thần: 10']"
Bó hoa tươi - Kem hoa - 11739,280.000 đ,"Mẫu hoa xinh xắn được lấy ý tưởng từ dáng hình của những cây kem mát lạnh. Tuy không thể thưởng thức được bằng vị giác, nhưng mẫu kem hoa này cũng đủ sức làm tan chảy những ánh nhìn của những người yêu thích hoa, đặc biệt là hoa hồng. Không chỉ đơn điệu bằng một màu hoa duy nhất, bạn còn có thể yêu cầu thay đổi sang các màu hoa mà bạn yêu thích nhé.","['Hoa thạch thảo trắng: 2', 'Hồng đỏ ớt : 10', 'Đinh lăng : 7']"
Bình hoa tươi - Hồng đỏ ớt (30 bông) - 11604,450.000 đ,*Hồng Đà Lạt theo mùa,['Hồng đỏ ớt : 30']
Hộp hoa tươi - Gửi Người Tôi Yêu - 3197,850.000 đ,"Qua bàn tay thiết kế của các florist chuyên nghiệp, mẫu hoa Gửi Người Tôi Yêu đem lại một sắc thái hoàn toàn mới tạo cho người ngắm như đang thu mình lại giữa rừng hoa. Thích hợp gửi tặng người yêu, vợ/chồng trong các dịp kỉ niệm...","['Cẩm chướng đơn hồng: 12', 'Hoa Sao tím: 2', 'Hồng da (50): 20', 'Hồng đỏ sa : 13']"
Bó hoa tươi - Dynamic - 13082,550.000 đ,,"['Hồng đỏ Pháp: 25', 'Lá bạc : 3']"
Hộp hoa tươi - Your Day - 9373,1.000.000 đ,"Với sự kết hợp độc đáo giữa loài hồng đỏ sa mạnh mẽ cùng hồng da ngọt ngào đã đem đến cảm giác về một tình cảm nhẹ nhàng, đơn giản nhưng bền vững. Ở đây không chỉ là tình yêu đôi lứa mà còn là tình thân, tình bạn, tình thương của người với người. Đây sẽ là một món quà đáng yêu và đầy ý nghĩa dành cho người yêu, đồng nghiệp, bạn bè và người thân của bạn.","['Cúc calimero trắng: 2', 'Hồ điệp trắng: 2', 'Hồng da: 10', 'Hồng đỏ sa : 27', 'Lá bạc : 3']"
Bình hoa tươi - Hồng đỏ sa (30 bông) - 11534,450.000 đ,*Hồng Đà Lạt theo mùa,['Hồng đỏ sa : 30']
Hộp hoa tươi - Thank you - 13210,1.000.000 đ,,"['Cát tường trắng: 2', 'Cúc mẫu đơn cam NK : 2', 'Hồng vàng chùa : 10', 'Lan vũ nữ: 3', 'Mõm sói trắng : 15']"
Bó hoa tươi - My Babe - 13292,550.000 đ,,['Hoa baby : 5']
Bó hoa tươi - Tình đầu thơ ngây - 13262,250.000 đ,,"['Cẩm chướng chùm hồng viền: 3', 'Cúc calimero hồng : 3', 'Hoa Sao tím: 1', 'Pink OHara: 1']"
Hộp hoa tươi - Mây ngàn - 11613,500.000 đ,"Được thiết kế từ hoa hồng đỏ kết hợp với cát tường trắng và calimero trắng, mẫu hoa mang một sắc màu tươi sáng, rực rỡ, và nhiều hi vọng về môt tương lai sáng lạn. ""Mây ngàn"" chính là một món quà gửi đến lời chúc tốt lành, may mắn và hạnh phúc cho người nhận.","['Cát tường trắng: 3', 'Chuỗi ngọc đỏ : 5', 'Cúc calimero trắng: 3', 'Hồng đỏ sa : 10']"
Giỏ hoa tươi - Gió mùa hạ - 13217,500.000 đ,,"['Cát tường xanh: 1', 'Cúc calimero vàng nhụy nâu : 4', 'Cúc mẫu đơn vàng NK: 1', 'Hồng vàng ánh trăng : 4', 'Hồng vàng chùa : 3', 'Hướng dương : 2']"
Bó hoa tươi - Only rose premium 4 - 13279,600.000 đ,,['Hồng trắng cồ: 30']
Hộp hoa tươi - Thầm mong - 13213,750.000 đ,,"['Cát tường trắng: 3', 'Cúc mai hồng: 5', 'Hoa baby : 1', 'Hồng candy: 5', 'Hồng da: 10']"
Hộp hoa tươi - Beauty queen - 8025,1.400.000 đ,,"['Cúc mẫu đơn tím NK: 3', 'Hoa baby : 1', 'Hồng sen mới: 20', 'Lan vườn tím: 10', 'Mõm sói hồng đậm: 10']"
Hoa chúc mừng - Vươn cao - 11031,1.500.000 đ,"Thành công là cả môt quá trình, một con đường mà bất kì ai cũng muốn được bước đi, nhưng mấy ai kiên trì và nhẫn nại để bước tới đến vinh quang của nó. Thành công đôi khi là mục tiêu nhưng đôi khi là môt chặng đường gian nan đòi hỏi ở người đi môt cái nhìn lạc quan và niềm tin mạnh mẽ để lên đỉnh thành công. Kệ hoa được tao ra thể hiện lời chúc mừng trong ngày vui của người tặng đến gia chủ.","['Hồng đỏ sa : 50', 'Lan Moka đỏ: 10', 'Mõm sói trắng : 15', 'Môn đỏ: 11']"
Hộp hoa tươi - Hạnh Phúc Ngọt Ngào - 3205,700.000 đ,"Được thiết với tông hồng nhẹ nhàng, Hạnh Phúc Ngọt Ngào đem đến cho người nhận một sự tươi mới, tràn đầy sức sống. Thích hợp tặng người thân, bạn bè, đồng nghiệp, đối tác trong các dịp lễ kỉ niệm","['Green wicky : 3', 'Hoa thạch thảo trắng: 2', 'Hồng da: 22', 'Thủy tiên trắng : 5']"
Giỏ hoa tươi - Ngày mộng mơ - 13295,500.000 đ,,"['Cẩm chướng đơn viền tím : 5', 'Cúc calimero tím: 5', 'Hồng da cồ: 5', 'Hồng tím cà: 3', 'Mõm sói song hỷ : 10']"
Bó hoa tươi - Phút giây tỏa sáng - 13253,200.000 đ,,"['Cẩm chướng đơn viền cam : 3', 'Cúc calimero vàng nhụy nâu : 3', 'Free Spirit Rose: 1']"
Bó hoa tươi - Dating - 14270,250.000 đ,,"['Cẩm chướng đơn đỏ : 4', 'Hoa baby : 1', 'Hồng đỏ Ecuador DL: 1']"
Bó hoa tươi - Tình cờ - 13252,150.000 đ,,"['Hoa thạch thảo tím: 1', 'Purple Ohara : 1']"
Bó hoa tươi - Romantic Date - 11585,200.000 đ,"Những buổi hẹn hò lãng mạn không thể thiếu đi những đóa hoa tươi, đặc biệt là loài hồng tím. Đây là loại hoa tượng trưng cho một tình yêu lãng mạn theo thời gian. Vậy nên, bên cạnh những món quà tặng ý nghĩa, các chàng trai cũng đừng quên tặng nàng thêm một bó hồng tím để thể hiện tình yêu của mình nhé!","['Cẩm chướng đơn tím : 2', 'Cúc calimero tím: 2', 'Hoa thạch thảo tím: 1', 'Hồng tím cà: 3']"
Bó hoa tươi - Gặp gỡ - 5598,150.000 đ,"Với tone màu hồng nhẹ nhàng, nữ tính. Bó hoa là món quà tuyệt vời dành tặng cho những bạn nữ yêu thích sự lãng mạn và tràn đầy yêu thương. Thích hợp tặng dịp sinh nhật, làm quen, kỷ niệm ...","['Hoa baby : 0.5', 'Pink OHara: 1']"
Bó hoa tươi - Điều thân thương - 13234,150.000 đ,,"['Cẩm chướng chùm hồng nhạt : 3', 'Hoa Sao tím: 1', 'Hồng đỏ Ecuador DL: 1']"
Bó hoa tươi - Take My Hand - 9440,150.000 đ,"""Take My Hand"" với màu sắc vừa ngọt ngào nhưng cũng đầy mạnh mẽ của những tiến triển yêu thương. Có chút lãng mạn, nhẹ nhàng, và có cả niềm tin vào tình yêu bền chặt dành cho nửa yêu thương bên đời. Hoa thích hợp để dành tặng cho những dịp sinh nhật, kỉ niệm hoặc đơn giản chỉ là một bất ngờ cho ngày yêu thêm ấm áp.","['Cúc rossi trắng: 3', 'Hoa sao vàng: 1', 'Hồng Pink Mondial : 1']"
Bó hoa tươi - My sun - 13385,150.000 đ,,"['Hoa Sao tím: 1', 'Hướng dương : 1']"
Giỏ hoa tươi - Happier - 14504,500.000 đ,,"['Cẩm chướng đơn hồng: 5', 'Hoa thạch thảo tím: 1', 'Hồng tím cà: 5', 'Hồng trắng cồ: 7', 'Mõm sói song hỷ : 6']"
Bó hoa tươi - Bó hoa sao tím - 12526,500.000 đ,Lưu ý: Hoa sao tím khi nở có mùi nồng đặc trưng.,['Hoa Sao tím: 15']
Giỏ hoa tươi - Sound of love - 11610,350.000 đ,"Trong lành, tinh khiết như những giọt sương của buổi sáng, những đoá hồng dịu dàng được điểm tô bởi những đoá đồng tiền trắng xinh bé đem đến cảm giác nhẹ nhàng, thư thái... Giỏ hoa để bàn nhỏ xinh thích hợp tặng bạn bè, người yêu, mẹ... vào bất cứ dịp nào trong năm.","['Cúc calimero tím: 6', 'Hồng sen mới: 6', 'Đồng tiền trắng : 8']"
Hộp hoa tươi - Chia xa - 12911,300.000 đ,,"['Cúc lưới trắng : 15', 'Hoa Cúc Lưới Vàng : 5']"
Bình hoa tươi - Hồng mix (30 bông) - 11533,450.000 đ,*Hồng Đà Lạt theo mùa,[]
Bó hoa tươi - Black pink - 14386,300.000 đ,,['Hồng da cồ: 16']
Bó hoa tươi - Bó hoa cẩm chướng tím - 14472,450.000 đ,,"['Cẩm chướng đơn viền tím : 25', 'Hoa baby : 0.5']"
Bó hoa tươi - Everyday with you - 13111,200.000 đ,,"['Hoa baby : 1', 'Hồng trắng cồ: 3']"
Giỏ hoa tươi - Lạc quan - 14932,400.000 đ,,"['Cát tường xanh: 4', 'Cúc rossi vàng sunny : 2', 'Hồng vàng viền đỏ: 8']"
Bó hoa tươi - Tana baby 2 - 12698,350.000 đ,,"[' Cúc Tana: 2', 'Hoa baby : 7']"
Bình hoa tươi - Peaceful moment - 13367,700.000 đ,,"['Green wicky : 5', 'Hoa thạch thảo trắng: 2', 'Lily trắng: 2', 'White Ohara: 10']"
Giỏ hoa tươi - Love is you - 14399,650.000 đ,,"['Cẩm chướng đơn đỏ : 10', 'Hồng đỏ Ecuador DL: 10', 'Lan Moka đỏ: 5']"
Bó hoa tươi - Romance 3 - 12490,550.000 đ,,"['Hoa Sao tím: 1', 'Lá phụ khác: 7', 'Purple Ohara : 18']"
Bình hoa tươi - Bình hoa hồng xinh 2 - 14558,400.000 đ,,['Hồng đỏ sa : 15']
Giỏ hoa tươi - Lux basket 2 - 14567,400.000 đ,,"['Cúc rossi hồng: 1', 'Hoa thạch thảo tím: 1', 'Hồng da cồ: 10', 'Sen đá chuỗi ngọc bi : 1', 'Sen đá nhỏ ngẫu nhiên: 2']"
Giỏ hoa tươi - Sweet - 14447,400.000 đ,,"['Cẩm chướng đơn hồng dâu : 10', 'Cẩm chướng đơn hồng sen : 10', 'Hoa baby : 1']"
Bó hoa tươi - White roses - 10258,350.000 đ,"Bó hoa mix 9 cành hồng trắng, babi và lá bạc tượng trưng cho tình yêu thuần khiết và mãi bất diệt. Vì vậy các cặp đôi thường dành tặng cho nhau bó hoa với 9 bông hoa hồng trong ngày lễ tình nhân, ngày sinh nhật hay trong những ngày kỷ niệm đặc biệt để khẳng định tình yêu mà mình dành cho đối phương.","['Hoa baby : 1', 'Hồng trắng cồ: 9', 'Lá bạc : 2']"
Bình hoa tươi - Bình hồng xinh 4 - 14658,700.000 đ,,[]
Bình hoa tươi - Bình hoa hồng xinh 1 - 14555,450.000 đ,,"['Cẩm chướng chùm hồng nhạt : 5', 'Cát tường hồng viền: 3', 'Hoa thạch thảo trắng: 1', 'Hồng da: 7']"
Bó hoa tươi - Back to love - 12596,300.000 đ,,"['Chuỗi ngọc đỏ : 5', 'Hoa thạch thảo trắng: 1', 'Hồng đỏ sa : 5', 'Lá phụ khác: 3']"
Bó hoa tươi - Bó cẩm chướng hồng - 11586,500.000 đ,,['Cẩm chướng đơn hồng dâu : 30']
Bó hoa tươi - Là em - 10259,150.000 đ,"Sự lãng mạn là điều không thể thiếu trong tình yêu. Vậy để gia tăng thêm hương vị lãng mạn thì bó hoa ""Là em"" này chắc chắn sẽ là một gia vị không thể bỏ qua giúp cho tình yêu của bạn không ngừng thăng hoa.",['Cẩm chướng đơn xanh bơ : 12']
Bó hoa tươi - Nhớ - 13439,150.000 đ,"Hoa cẩm chướng hồng, với sắc thái tượng trưng cho lòng biết ơn và tình yêu, thường được chọn làm quà tặng trong Ngày của Mẹ để biểu dương tình mẫu tử. Sự ngọt ngào mà màu hồng mang lại cũng làm nó trở thành lựa chọn phổ biến để thể hiện tình yêu và sự quan tâm nhẹ nhàng. Hoa này phù hợp để tặng trong các dịp kỷ niệm, chúc mừng, hoặc cảm ơn, và có thể dành cho mọi người từ người thân trong gia đình đến bạn bè và đồng nghiệp.",['Cẩm chướng chùm trắng viền hồng : 12']
Bó hoa tươi - Violet blush - 14468,300.000 đ,,"['Green bell: 1', 'Hoa thạch thảo tím: 2', 'Hồng tím cà: 10']"
Bó hoa tươi - Victo rose - 15234,250.000 đ,"Sự kết hợp màu sắc nhã nhặn giữa hoa và lá cùng cách gói đơn giản đã tạo nên một món quà phù hợp với những ai có gu thẩm mỹ tinh tế, yêu thích sự đơn giản nhưng vẫn đầy tính sang trọng.","['Cẩm chướng chùm trắng: 5', 'Hồng Victo: 7']"
Bó hoa tươi - Always with you - 15233,300.000 đ,"Với màu sắc tuy có phần trầm buồn nhưng hoa hồng manta màu tím khói lại chứa đựng sự bí ẩn, càng ngắm nhìn lâu lại càng thấy sự cuốn hút một cách kì lạ. Màu tím khói còn mang một vẻ đẹp lãng mạn, thể hiện sự sâu sắc, tượng trưng cho những điều kỳ diệu và không dễ dàng đoán trước. Hương thơm dịu nhẹ của hoa làm dịu lòng người, mở ra không gian của sự nhẹ nhàng và thư thái, phù hợp với những tâm hồn tìm kiếm sự khác biệt.",['Hồng Manta: 15']
Bó hoa tươi - Tình như Capuchino - 15232,300.000 đ,"Bó hoa hồng Capuchino, với sắc hồng nhạt ánh nâu quyến rũ, thể hiện sự sang trọng không cần phô trương. Sự kết hợp của màu sắc ấm cúng và dịu dàng như một ly cappuccino buổi sáng phảng phất hương thơm và ngọt ngào. Bao bọc trong giấy gói màu kem và ruy băng nâu, những bông hoa tôn lên được vẻ đẹp vô cùng thanh lịch. ""Tình như Capuchino"" là món quà hoàn hảo để tặng trong những sự kiện đặc biệt, hoặc khi bạn muốn bày tỏ tình cảm chân thành và sự trân trọng sâu sắc.",['Hồng capuchino: 15']
Bó hoa tươi - Angel Love - 15243,450.000 đ,"Với sắc hồng cam nhẹ nhàng của hoa hồng Shimmer, bó hoa ""Angel Love"" chính là món quà lý tưởng để thể hiện tình yêu thuần khiết và lâu dài. Phù hợp cho ngày Valentine, kỷ niệm, hoặc tỏ tình, bó hoa này hợp với người có tâm hồn lãng mạn, yêu thích sự tinh tế và nhẹ nhàng.",[]
